4.844669999999999706e-03,3.492742799999999814e+00,1.156300000000000079e-03,2.721550000000000011e-02,-2.893209999999999879e-02,3.306626999999999761e-01,5.552173000000000247e-01,-4.215239999999999959e-02
1.618859999999999960e-03,3.514939549999999802e+00,-9.112359999999999904e-02,2.997278999999999916e-01,-4.649200000000000034e-03,2.412914999999999921e-01,-1.254475100000000065e+00,5.419015999999999833e-01
4.217620000000000050e-03,3.444683550000000150e+00,1.948118000000000072e-01,-1.803640000000000104e-02,1.567005999999999954e-01,-2.218246000000000107e-01,-1.574015600000000070e+00,2.533912999999999860e-01
5.021099999999999695e-03,3.517496600000000306e+00,-1.911401999999998991e-01,-2.670407000000000197e-01,6.736279000000000572e-01,6.247758999999999396e-01,-1.795244199999999957e+00,3.571748999999999064e-01
1.068120000000000094e-03,3.461259599999999992e+00,5.128383999999999165e-01,2.144694000000000045e-01,-7.748246000000000855e-01,-6.242514000000000118e-01,-5.212664999999999660e-01,-4.922151999999999084e-01
6.359820000000000403e-03,3.587031350000000174e+00,-9.199380000000000057e-02,9.814499999999999613e-02,-1.837019999999999972e-02,-1.055955999999999978e-01,-1.893040000000000000e-02,1.233577999999999064e-01
4.903079999999999765e-03,3.494548800000000455e+00,5.168915000000000592e-01,3.645419999999999910e-02,-3.993630000000000235e-01,-2.869129000000000262e-01,-1.482844000000000106e-01,1.272439999999999960e-01
3.354549999999999980e-03,3.577733049999999970e+00,1.945256999999999958e-01,-2.801399999999999897e-03,-6.345509999999999762e-01,-1.794516999999999918e+00,9.633064000000000071e-01,-1.161563399999999913e+00
4.435780000000000278e-03,3.486835950000000128e+00,4.319667999999999841e-01,3.855108999999999897e-01,-3.277301999999999160e-01,-6.027221999999999857e-01,6.868123999999999896e-01,-3.881931000000000132e-01
4.676103999999999677e-02,3.455150150000000142e+00,1.213788999999999979e-01,3.346199999999999869e-02,6.143332000000000237e-01,6.180167000000000854e-01,-1.151560000000000084e-02,3.155707999999999847e-01
3.875490000000000098e-03,3.526979700000000051e+00,-4.712223999999999857e-01,-2.396703000000000028e-01,5.066400000000000417e-03,3.310083999999999804e-01,-6.976485000000000047e-01,1.821280000000000121e-01
3.851649999999999865e-03,3.450530749999999980e+00,-3.435253999999999808e-01,-3.067260000000000125e-02,1.082921000000000022e+00,8.437630000000000130e-02,-1.461768200000000073e+00,1.314639999999999975e-01
3.964900000000000369e-03,3.478819150000000082e+00,-8.254646999999999402e-01,-5.541681999999999997e-01,5.314111999999999725e-01,1.298665999999999987e-01,-7.494330000000000158e-01,1.321315999999999879e-01
3.691813949999999789e+00,3.432422900000000165e+00,-2.890587000000000018e-01,-7.050039999999989371e-02,2.456068999999999891e-01,-1.260936300000000010e+00,-1.113712800000000058e+00,9.500979999999989434e-02
6.343129999999999775e-03,3.513193150000000209e+00,1.167654999999999943e-01,9.150510000000000588e-02,-3.670450000000000101e-02,2.348422999999998928e-01,5.075693000000000010e-01,-1.630068000000000072e-01
4.909039999999999931e-03,3.496503849999999858e+00,-2.461790999999999008e-01,1.028775999999999996e-01,4.561424000000000034e-01,-1.109147099999999941e+00,5.200027999999999873e-01,-2.832054999999999989e-01
4.839900000000000061e-04,3.462260950000000115e+00,1.273441299999999998e+00,7.324456999999999773e-01,-1.812457999999999902e+00,-9.558200999999999503e-01,8.894800999999998847e-01,-1.215839399999999904e+00
3.583528999999999964e+00,3.497242950000000405e+00,9.362458999999999643e-01,6.102319999999999967e-02,6.985426000000000135e-01,7.110238000000000946e-01,1.531982400000000188e+00,-1.070976000000000011e-01
3.349800000000000217e-04,3.483778249999999854e+00,1.252532000000000090e-01,3.883840000000000209e-02,-3.366828000000000043e-01,4.770994000000000068e-01,-1.273393999999999915e-01,-1.114963999999999955e-01
5.543229999999999685e-03,3.514397150000000192e+00,-4.625559000000000198e-01,-3.147005999999999970e-01,3.142833999999999905e-01,1.025641000000000025e+00,3.600121000000000016e-01,4.512071999999999750e-01
3.949399999999999612e-03,3.448969150000000372e+00,-9.116769000000000123e-01,-5.812287000000000425e-01,9.151340000000000030e-01,6.500243999999999467e-01,-1.731157300000000010e+00,5.823612000000000233e-01
3.589704039999999985e+00,3.652423600000000103e+00,-7.293463000000000029e-01,-4.848956999999999851e-01,1.111316699999999935e+00,-2.347112000000000087e-01,-1.115119500000000041e+00,-1.173735000000000056e-01
2.610680000000000205e-03,3.495520350000000054e+00,-5.291580999999999646e-01,-3.158807999999999061e-01,7.542252999999999874e-01,-2.465128999999998960e-01,2.514005000000000267e-01,-3.431796999999999764e-01
3.098249999999999876e-03,3.513556700000000088e+00,3.774046999999999819e-01,-7.325410000000000255e-02,5.118131999999999682e-01,-5.342364000000000557e-01,7.788657999999999415e-01,-2.263903999999999916e-01
6.389600000000000488e-04,3.635334949999999843e+00,-6.401540000000000008e-02,1.952409999999999979e-01,7.660390000000000255e-02,3.454689999999999844e-02,5.805135000000000156e-01,-1.599789999999999893e-02
3.607351780000000119e+00,3.485572349999999986e+00,2.363086000000000075e-01,2.634405999999999137e-01,1.936435999999999991e-01,-6.601213999999999693e-01,-1.025199999999999983e-03,-4.948020000000000196e-01
1.798869999999999940e-03,3.473854049999999916e+00,1.118182999999999955e-01,1.989125999999999950e-01,-2.308965000000000045e-01,3.013134000000000090e-01,4.347562999999999844e-01,-9.344819999999999516e-02
3.074410000000000077e-03,3.448444600000000193e+00,4.012704000000000271e-01,2.051234000000000113e-01,-1.919508000000000048e-01,3.091930999999999985e-01,8.747457999999999068e-01,3.080367999999999995e-01
6.904600000000000320e-03,3.549534099999999803e+00,9.200569999999999582e-02,-2.704143999999999992e-01,5.014658000000000726e-01,1.727950600000000003e+00,-8.758663999999999339e-01,1.002669299999999986e+00
3.600252869999999827e+00,3.441894050000000149e+00,1.813649999999999984e-01,-2.356648000000000076e-01,1.031482199999999905e+00,-6.071448000000000400e-01,-3.819465999999999140e-01,1.176118999999998943e-01
3.622769999999999983e-03,3.504681600000000063e+00,1.386641999999999875e-01,2.563000000000000174e-03,-1.139282999999999962e-01,-1.008904000000000023e+00,-1.094210099999999963e+00,-7.402899999999999758e-02
4.868510000000000372e-03,3.506690250000000120e+00,3.664255000000000151e-01,-6.210799999999999828e-03,6.608959999999999835e-02,-5.630374000000000212e-01,1.261591899999999988e+00,-3.254413999999999918e-01
4.410739999999999800e-03,3.535413750000000022e+00,-2.013803000000000121e-01,-1.162171000000000037e-01,-3.000975000000000170e-01,4.103183999999999165e-01,1.108753700000000064e+00,2.858876999999999113e-01
3.588782549999999905e+00,3.479981399999999780e+00,4.335402999999999896e-01,1.535295999999999883e-01,-7.616282000000000885e-01,-6.075262999999999636e-01,1.454830000000000012e-01,-5.289793000000000411e-01
3.529790000000000098e-03,3.488290300000000066e+00,-2.903939999999999994e-02,2.506256000000000039e-01,2.083301999999999932e-01,1.011526600000000053e+00,-6.755590000000000206e-01,-6.043910000000000254e-02
4.352329999999999741e-03,3.507649900000000098e+00,3.522158000000000233e-01,-1.004930000000000059e-02,-4.463195999999999830e-01,2.351522000000000057e-01,-6.080000000000000335e-04,-1.822351999999999028e-01
5.316700000000000375e-04,3.384983549999999841e+00,8.819099999999989448e-02,2.959969999999999962e-02,1.817107000000000028e-01,5.841969999999999663e-01,7.127643000000000173e-01,3.821491999999999112e-01
6.920100000000000209e-03,3.593647500000000328e+00,-3.544331000000000009e-01,-6.337170000000000303e-02,4.330634999999999901e-01,1.698720500000000078e+00,-1.095366499999999910e+00,7.634878000000000497e-01
1.720189999999999914e-03,3.428512800000000027e+00,-1.311420999999999004e-01,-2.144694000000000045e-01,1.296877999999999920e-01,6.750941000000000303e-01,4.231900000000000245e-03,5.205035000000000078e-01
5.620720000000000056e-03,3.520518549999999802e+00,-4.907131000000000132e-01,-1.774668999999998997e-01,9.554863000000000106e-01,-5.095601000000000713e-01,-1.765787599999999902e+00,4.100560999999999789e-01
5.173679999999999946e-03,3.520959599999999856e+00,1.600979999999990050e-02,-1.434921999999999864e-01,-1.580714999999998926e-01,-6.891489000000000642e-01,-8.132219000000000531e-01,-9.478330000000000088e-02
6.039140000000000133e-03,3.496932999999999847e+00,4.153967000000000076e-01,1.254438999999999971e-01,-2.169847000000000026e-01,2.528787000000000118e-01,1.531600999999999990e+00,-1.994370000000000170e-02
3.517870000000000198e-03,3.482341749999999791e+00,1.488924000000000081e-01,1.572489999999999999e-01,1.925229999999999997e-01,-5.307674000000000003e-01,2.515078000000000036e-01,-1.826285999999998910e-01
5.044940000000000362e-03,3.441059599999999996e+00,3.884076999999999114e-01,4.208206999999999920e-01,-5.021690999999999239e-01,8.154749999999999499e-01,4.622578999999999994e-01,1.979588999999999932e-01
5.489589999999999921e-03,3.510928149999999803e+00,5.233288000000000384e-01,-1.317619999999999902e-01,6.455540999999999086e-01,1.500499199999999922e+00,4.722118000000000149e-01,1.970767999999999964e-01
1.034739999999999922e-03,3.469747299999999868e+00,-1.664159999999999945e-02,-5.482439999999989821e-02,2.457141999999999937e-01,1.799547699999999750e+00,-4.407167000000000168e-01,9.622811999999999477e-01
3.867150000000000188e-03,3.502041100000000018e+00,-3.616213999999999817e-01,-3.669142999999999155e-01,3.993511000000000144e-01,-9.589195000000000357e-01,-2.018988100000000063e+00,-4.860400999999999749e-01
3.539319999999999879e-03,3.560966249999999889e+00,-1.035964499999999955e+00,-7.726072999999999968e-01,1.007306599999999941e+00,-5.323409999999999531e-01,-2.803409100000000098e+00,4.404544999999999155e-01
5.761379999999999973e-03,3.516775350000000078e+00,-7.031321999999999850e-01,-3.335714000000000179e-01,3.361700000000000018e-03,-1.004219100000000031e+00,-4.896760000000000002e-01,-2.680540000000000145e-01
4.626510000000000344e-03,3.495287900000000114e+00,-8.704304999999999959e-01,-2.300858000000000070e-01,-2.563000000000000000e-02,2.497196000000000138e-01,1.251733299999999938e+00,4.116535000000000055e-01
1.511570000000000058e-03,3.463500750000000128e+00,-5.323290999999999995e-01,-1.082419999999990022e-02,2.417207000000000106e-01,6.223920000000000147e-02,-3.102540999999999771e-01,-3.837108999999999104e-01
4.678960000000000237e-03,3.560692050000000108e+00,-8.897779999999999578e-02,2.085089999999999999e-01,1.260160999999999920e-01,1.043510400000000171e+00,1.148331200000000107e+00,-2.446169999999999942e-02
1.022820000000000023e-03,3.464436550000000281e+00,9.545445000000000180e-01,5.607604999999999951e-01,1.973866999999999983e-01,5.030989999999999629e-01,1.144182699999999997e+00,-2.276778000000000135e-01
3.579849999999999872e-03,3.617459549999999968e+00,-1.460432999999999870e-01,9.355549999999999977e-02,-4.496336000000000221e-01,-9.684560000000000390e-02,-1.034497999999999945e-01,-2.549051999999999985e-01
5.884170000000000199e-03,3.449219450000000187e+00,4.507898999999999101e-01,1.587629000000000123e-01,-7.486339999999999661e-02,1.692318900000000070e+00,6.666183000000001080e-01,7.650374999999999259e-01
3.423690000000000067e-03,3.559839750000000080e+00,1.332640999999999964e-01,-5.594489999999999880e-02,3.588199999999999723e-02,-6.456971000000000238e-01,-2.779889100000000113e+00,-2.943277000000000254e-01
1.134870000000000063e-03,3.638565550000000037e+00,-3.212571000000000176e-01,-4.260777999999998955e-01,6.909369999999999401e-02,7.756828999999999530e-01,-6.286978999999999207e-01,2.894520999999999900e-01
4.997249999999999956e-03,3.477680700000000069e+00,-4.662990999999999109e-01,-2.476930999999999994e-01,3.323077999999999865e-01,-4.436730999999999869e-01,3.278135999999999828e-01,-2.090095999999999898e-01
-4.565700000000000010e-04,3.505331300000000372e+00,-7.733109999999999984e-02,-6.978510000000000268e-02,1.823899999999900080e-03,-3.905295999999999768e-01,1.589512800000000059e+00,-4.659175999999999873e-01
9.584399999999999647e-04,3.493720300000000112e+00,-2.132892999999999872e-01,-1.250385999999999997e-01,6.518722000000000127e-01,-7.833122999999999614e-01,-1.546669000000000072e+00,3.807539999999989822e-02
7.590060000000000036e-03,3.462946399999999869e+00,-6.985067999999999833e-01,2.448677999999999966e-01,-7.154821999999999571e-01,4.148602000000000123e-01,-2.237796999999999981e-01,2.159833999999999921e-01
2.250670000000000188e-03,3.427636600000000477e+00,-6.981133999999999951e-01,1.438378999999999908e-01,9.989700000000000663e-03,-7.470849999999999713e-02,4.545330999999999122e-01,6.273979999999999835e-02
-6.474259999999999911e-03,3.661042450000000059e+00,-1.398319999999999945e-02,-1.747609999999990074e-02,2.113819000000000115e-01,1.309835900000000164e+00,1.006472100000000092e+00,4.739881000000000233e-01
5.880589999999999776e-03,3.470683100000000021e+00,-8.165717000000000114e-01,-5.042553000000000729e-01,1.819157600000000041e+00,3.821969000000000061e-01,-1.605653800000000020e+00,6.935716000000000658e-01
2.413989999999999973e-03,3.575718399999999519e+00,-1.739860000000000018e-01,-5.460262000000000171e-01,5.247355000000000214e-01,-2.533200000000000035e-02,-1.348793500000000201e+00,5.812882999999999800e-01
5.073549999999999588e-03,3.548365850000000155e+00,-3.785013999999999879e-01,-4.182576999999998990e-01,9.323597000000000135e-01,-1.220464999999999051e-01,-1.550436000000000036e-01,-6.084439999999999987e-02
3.457551000000000041e+00,3.488355900000000176e+00,2.529383000000000048e-01,-1.795172999999999908e-01,-4.434585999999999806e-01,-8.719087000000000920e-01,8.205179999999999418e-02,-1.750707999999999986e-01
-1.215930000000000049e-03,3.488707549999999991e+00,-3.854274999999999785e-01,-1.040699999999999958e-02,-1.187205000000000066e-01,7.185220999999999414e-01,2.439736999999999878e-01,2.796769000000000061e-01
3.261570000000000094e-03,3.451865900000000043e+00,-1.724601000000000051e-01,1.510023999999998978e-01,-1.077795000000000059e+00,-1.022577000000000069e-01,1.216960000000000042e+00,-5.397676999999999614e-01
4.813669999999999928e-03,3.549760599999999933e+00,1.411080000000000112e-01,2.563596000000000208e-01,-5.809664999999999413e-01,-3.786324999999999830e-01,7.176161000000000900e-01,-3.270983999999999003e-01
3.600844139999999971e+00,3.422462949999999893e+00,-1.016973999999999934e-01,3.579496999999999818e-01,3.002643999999999869e-01,-2.770901000000000058e-01,-2.956389999999999851e-01,5.576609999999999900e-02
5.599260000000000001e-03,3.441041699999999981e+00,-9.998079999999999468e-02,1.073598999999999942e-01,-1.546859999999999902e-01,-3.982067000000000245e-01,1.474141999999999952e-01,-3.928065000000000029e-01
6.062979999999999932e-03,3.512322900000000025e+00,-3.313064999999998927e-01,-2.160668000000000033e-01,3.101707000000000214e-01,-3.548144999999999771e-01,-1.875162100000000054e+00,1.211642999999999054e-01
-1.128909999999999896e-03,3.511643400000000081e+00,-5.660533999999999288e-01,-9.627339999999999509e-02,8.629560000000000008e-02,-2.662658999999999998e-01,-1.200210999999999917e+00,4.438161999999999940e-01
3.593800069999999902e+00,3.459006549999999791e+00,-1.298105699999999807e+00,-4.755734999999999824e-01,1.156604299999999919e+00,-5.698199999999999793e-02,-3.186702999999999064e-01,1.079679000000000055e-01
3.552399999999999937e-04,3.483682850000000109e+00,-1.162803199999999926e+00,-2.102732999999999963e-01,1.037001599999999968e+00,2.715945000000000165e-01,1.320481300000000191e+00,-1.915335999999999983e-01
4.655119999999999571e-03,3.542542450000000009e+00,-3.236770999999999954e-01,1.282454000000000094e-01,-1.677036000000000082e-01,-3.945230999999999044e-01,3.102659999999999862e-01,6.865259999999999418e-02
6.446839999999999689e-03,3.475564700000000062e+00,-9.378075999999999635e-01,-3.341439999999999688e-02,2.676009999999999778e-01,-6.278752999999999140e-01,1.343917799999999829e+00,-2.501964999999999884e-01
3.566464190000000034e+00,3.719466900000000908e+00,-1.730920000000000028e-02,3.734350000000000169e-01,-5.173444999999999849e-01,6.337170000000000303e-02,6.604314000000000018e-01,-2.813101000000000074e-01
2.703670000000000032e-03,3.605228649999999924e+00,-2.407073999999999880e-01,-1.302959999999989994e-02,2.403854999999998909e-01,7.998108999999999913e-01,9.349465000000000137e-01,5.778069999999999734e-02
6.396770000000000407e-03,3.531354649999999928e+00,3.905415999999999888e-01,2.387403999999999915e-01,-1.155352600000000063e+00,1.188766999999999907e+00,5.263090000000000268e-01,6.627201999999999815e-01
1.649859999999999955e-03,3.551268600000000220e+00,7.590175000000000116e-01,-6.557699999999999640e-02,-4.926561999999999886e-01,-1.950978999999999908e-01,-6.439804999999999557e-01,2.488374999999999893e-01
3.559920790000000057e+00,3.481447699999999923e+00,-8.542539999999999856e-02,-1.403688999999999909e-01,3.186463999999999963e-01,-1.447427299999999750e+00,1.611113999999999880e-01,-5.757569999999999633e-01
5.333420000000000175e-03,3.534090500000000024e+00,1.199388499999999969e+00,1.743912999999999991e-01,-5.327581999999999596e-01,1.656532000000000004e-01,1.227438400000000041e+00,-9.648800000000000432e-02
-2.297159999999999914e-03,3.405892850000000305e+00,1.209854999999999958e-01,2.252460000000000018e-01,-5.333419999999999828e-02,-1.649260999999999922e-01,-7.406234999999999902e-01,2.158879999999999133e-01
7.309910000000000192e-03,3.477120400000000000e+00,1.631855999999999862e-01,1.371145000000000003e-01,-6.563067000000000206e-01,-1.644408699999999834e+00,2.547860000000000125e-01,-7.532001000000000390e-01
3.577566150000000000e+00,3.408920750000000055e+00,-4.938840999999999926e-01,2.436639999999999986e-02,6.176229999999990200e-02,8.722185999999999551e-01,1.219511000000000067e-01,7.414819999999999744e-02
3.441570000000000133e-03,3.553622949999999836e+00,-5.872129999999999850e-01,1.574754999999999905e-01,2.360702000000000078e-01,-5.963205999999999785e-01,-5.168199999999999461e-01,-1.525878999999999985e-01
6.477830000000000393e-03,3.526109449999999867e+00,-7.011294000000000137e-01,1.005887999999998950e-01,-1.031399000000000066e-01,-2.816558000000000117e-01,-4.988074000000000119e-01,1.491310000000000031e-02
5.122419999999999925e-03,3.499513850000000037e+00,7.351995000000000058e-01,1.919626999999999861e-01,6.884339999999999904e-02,4.288434999999999886e-01,-9.251829999999999776e-02,3.460406999999999789e-01
-2.261292900000000106e-01,3.501409300000000169e+00,1.529336000000000029e-01,2.148270999999999931e-01,-3.831266999999999867e-01,1.409697500000000048e+00,-4.427790999999999810e-01,7.898450000000000193e-01
5.530120000000000348e-03,3.461682800000000171e+00,3.242730999999999808e-01,2.086199999999999860e-03,4.966855000000000020e-01,5.963922000000000390e-01,3.089547000000000265e-01,1.754402999999999935e-01
4.235509999999999622e-03,3.554171300000000144e+00,-1.467824000000000073e-01,5.956890000000000102e-02,-2.916812999999999767e-01,2.479195999999999900e-01,2.672669999999999907e-02,-1.058578000000000019e-01
8.368499999999999854e-04,3.473961350000000170e+00,8.979321000000000108e-01,7.667539999999989364e-02,-1.200258700000000012e+00,9.229179999999999329e-02,9.882450000000000401e-01,1.657010000000000080e-02
2.208233000000000071e-02,3.502356999999999942e+00,1.634359999999999979e-02,1.888990000000000113e-01,-5.850077000000000194e-01,-1.224398999999998933e-01,8.130073999999999357e-01,1.814369999999999872e-02
3.701449999999999792e-03,3.468495599999999790e+00,-2.236008999999999913e-01,3.215075000000000016e-01,-3.641009000000000051e-01,-5.163073999999999719e-01,6.360768999999999451e-01,-3.236175000000000024e-01
3.771780000000000185e-03,3.533339500000000299e+00,-3.736020000000000313e-02,3.607391999999999821e-01,-4.385233000000000048e-01,1.817583999999999866e-01,1.497161399999999976e+00,-1.860619000000000023e-01
6.266830000000000143e-03,3.508532049999999902e+00,3.154277999999999804e-01,2.594113000000000113e-01,-1.545190999999999926e-01,7.958174000000000081e-01,-3.629683999999999133e-01,2.537727000000000177e-01
5.936599999999999776e-04,3.475618349999999968e+00,3.006459999999989974e-02,5.040170000000000067e-02,4.881978000000000151e-01,-1.039385999999998950e-01,-1.931786500000000073e+00,3.194094000000000100e-01
1.208780000000000011e-03,3.506976349999999965e+00,4.297971999999999904e-01,-1.828313000000000021e-01,2.966403999999999153e-01,2.936124999999999985e-01,-1.281487899999999902e+00,2.205849000000000004e-01
3.982780000000000001e-03,3.448742649999999799e+00,6.517053000000000429e-01,1.429319999999990008e-02,-2.416492000000000084e-01,-4.584789999999999699e-02,-6.844996999999999332e-01,4.264711999999998837e-01
4.426239999999999689e-03,3.533482550000000000e+00,6.819959999999999911e-02,-1.173735000000000056e-01,8.802409999999999402e-02,8.424043999999999421e-01,5.259395000000000042e-01,4.227159999999999945e-02
4.508500000000000354e-03,3.469204900000000258e+00,-4.946708999999999135e-01,1.207590000000000052e-01,-3.196358999999999728e-01,1.713848100000000096e+00,1.104438299999999984e+00,5.143166000000000126e-01
5.187989999999999963e-03,3.520745049999999932e+00,-2.638101999999999947e-01,2.259730999999998990e-01,-5.863070000000000226e-01,3.881450000000000178e-02,1.578807999999999878e-01,3.335952999999999835e-01
4.915000000000000098e-03,3.480952999999999964e+00,1.505609999999999934e-02,3.424286999999999748e-01,-7.070421999999999541e-01,-1.788000000000000093e-04,3.126382999999999801e-01,-1.122116999999999976e-01
3.592970000000000018e-03,3.499013200000000268e+00,2.763032999999999739e-01,2.551794000000000007e-01,-3.681659999999999933e-01,-5.641222000000000181e-01,8.554578000000000459e-01,8.153900000000000384e-03
6.395579999999999668e-03,3.512769950000000030e+00,3.713131000000000070e-01,5.210639999999999716e-02,-6.145239000000000118e-01,4.804491999999999097e-01,1.162290000000000025e-02,9.349579999999990676e-02
-1.896619999999999903e-03,3.478580700000000192e+00,7.762670999999999877e-01,7.845159999999999634e-02,-6.854499999999899736e-03,1.165473500000000051e+00,-1.244115800000000105e+00,3.561973999999999974e-01
5.822179999999999717e-03,3.472143400000000213e+00,1.993417999999999024e-01,-2.250313999999999925e-01,8.912683000000000133e-01,5.927323999999999371e-01,1.817225999999999009e-01,1.896857999999999878e-01
3.014800000000000205e-03,3.444093450000000001e+00,-1.771330999999999878e-01,-3.960489999999999844e-01,5.988002000000000047e-01,-5.677104000000000594e-01,1.584327199999999936e+00,-4.868506999999999141e-01
-1.589059999999999995e-03,3.688186400000000198e+00,5.884409000000000445e-01,1.310587000000000002e-01,-3.404855999999999994e-01,-1.355349999999999833e+00,-1.477360999999998981e-01,-2.137422999999999962e-01
6.192920000000000195e-03,3.486329299999999964e+00,-3.131032000000000259e-01,8.978840000000000432e-02,2.241730999999999863e-01,-6.905793999999999544e-01,5.279779000000000000e-01,-4.995107999999999771e-01
4.577640000000000008e-03,3.516870750000000267e+00,1.544475999999999904e-01,5.496739999999999959e-02,-3.109454999999999858e-01,-1.626729999999999010e-01,-2.331376000000000004e-01,-2.175570000000000004e-01
1.025200000000000010e-04,3.592550750000000015e+00,-4.595159999999999800e-01,6.909369999999999401e-02,1.132010999999999989e-01,5.030989999999999629e-01,5.447387999999999675e-01,1.007557000000000036e-01
3.225800000000000022e-03,3.485465050000000176e+00,-3.552556000000000047e-01,1.770257999999998999e-01,-3.822922999999999738e-01,5.203489999999989790e-02,2.011059999999999931e-02,-1.046776999999999985e-01
1.138330000000000071e-02,3.466862449999999818e+00,-3.648043000000000258e-01,1.809600000000000097e-02,1.488566000000000056e-01,3.029585000000000194e-01,-4.461764999999999759e-01,4.676818999999999837e-01
-1.714229999999999964e-03,3.470808250000000150e+00,-5.861521000000000647e-01,-1.572727999999999904e-01,1.665710999999999997e-01,-3.372072999999999876e-01,-2.118146400000000096e+00,3.554820000000000202e-02
6.985660000000000307e-03,3.483152400000000259e+00,-4.679918000000000133e-01,1.225948000000000038e-01,-1.113296000000000008e-01,-6.352543999999999969e-01,-1.532256600000000191e+00,9.152889999999999637e-02
1.370900000000000037e-04,3.409343949999999790e+00,6.851435000000000164e-01,8.083579999999999932e-02,1.013755999999999963e-01,3.302100000000000174e-02,2.002357999999999916e-01,-6.370539999999999536e-02
1.530913109999999966e+00,3.638505949999999878e+00,3.475903999999999106e-01,1.307249000000000050e-01,4.238366999999998996e-01,1.017403599999999964e+00,1.605820699999999990e+00,2.586364999999999914e-01
6.431339999999999800e-03,3.476530299999999851e+00,8.397341000000000388e-01,3.237962999999999814e-01,5.540371000000000601e-01,-3.348470000000000057e-01,-6.797309999999999464e-02,5.199909999999999949e-02
5.984299999999999472e-04,3.590738749999999868e+00,6.636024000000000367e-01,-5.769700000000000002e-03,-1.265286999999999940e-01,2.050041999999998865e-01,2.265810999999998965e-01,-8.184909999999999408e-02
5.176069999999999630e-03,3.447157149999999781e+00,6.780147999999999175e-01,5.102991999999999528e-01,-6.586075000000000124e-01,-6.690024999999999444e-01,-3.505348999999999826e-01,1.225114000000000064e-01
3.557733300000000209e+00,3.498065450000000354e+00,-8.841395000000000781e-01,-3.269910000000000178e-02,8.056402000000000285e-01,-6.574389999999999401e-02,-6.250857999999999137e-01,-6.204839999999999661e-02
-1.733299999999999902e-03,3.577709200000000145e+00,2.766967000000000176e-01,7.472040000000000626e-02,-3.390311999999999770e-01,6.808161999999999825e-01,-1.382231999999999905e-01,8.923291999999999335e-01
3.150700000000000202e-03,3.445231900000000014e+00,-4.479890000000000261e-02,-1.985431000000000001e-01,6.346464000000000549e-01,-1.090407000000000043e-01,1.326799999999989967e-02,3.108978000000000019e-01
5.959270000000000019e-03,3.497850900000000429e+00,1.188520000000000028e-02,-1.703499999999990092e-02,-1.700400999999999996e-01,-2.378463999999999023e-01,-9.234666999999999737e-01,1.562830000000000122e-02
3.586854929999999886e+00,3.484094149999999779e+00,-1.775030000000000011e-02,-3.117800000000000016e-01,1.961111999999999023e-01,-1.137018000000000056e-01,8.800030000000000352e-02,-2.544403000000000081e-01
5.137919999999999814e-03,3.493756050000000002e+00,1.000523999999999997e-01,-6.225109999999999671e-02,1.304745999999999961e-01,7.446647000000000682e-01,6.808638999999999664e-01,1.090764999999998958e-01
5.573029999999999651e-03,3.545385599999999915e+00,5.737065999999999555e-01,9.334090000000000442e-02,-4.067182999999999771e-01,-3.113865999999999024e-01,5.889058000000000348e-01,-3.408669999999999756e-01
8.105999999999999978e-05,3.511166549999999997e+00,-5.851507000000000236e-01,-1.280069000000000068e-01,4.691362000000000032e-01,1.406699999999899914e-03,-9.160039999999999849e-02,-1.500726000000000004e-01
3.559037449999999936e+00,3.486710799999999999e+00,-2.418040999999999940e-01,5.578999999999999758e-03,3.690720000000000112e-02,2.162814000000000125e-01,4.307388999999999801e-01,-2.492669999999999955e-02
2.107620000000000153e-03,3.458207849999999972e+00,-2.902749999999990060e-02,1.733540999999998999e-01,6.414651999999999576e-01,3.605484999999999940e-01,5.373954999999999149e-01,3.126860000000000056e-02
9.918200000000000280e-04,3.571575900000000026e+00,6.864069999999999894e-02,1.088022999999998935e-01,-1.091325300000000054e+00,2.108573999999998894e-01,-1.351237299999999975e+00,-4.180431000000000008e-01
4.792209999999999873e-03,3.463691449999999783e+00,7.094622000000000428e-01,7.867810000000000081e-02,-1.051306700000000038e+00,-1.809155899999999928e+00,-2.406240000000000046e-01,-4.882454999999999989e-01
3.561413289999999954e+00,3.595900550000000084e+00,2.027868999999999922e-01,3.122089999999999935e-02,-1.890659999999999910e-02,3.862399999999900028e-03,4.771949999999999803e-02,-2.117872000000000088e-01
1.686809999999999959e-03,3.473162649999999907e+00,1.108813300000000002e+00,1.022934999999999955e-01,-6.113887000000000072e-01,-1.257660000000000028e-02,-1.390814999999999968e-01,-1.070737999999999968e-01
4.993680000000000341e-03,3.486478350000000059e+00,-2.342581999999999998e-01,1.182560000000000035e-02,7.459879000000000371e-01,-4.415510000000000268e-02,-1.125431099999999907e+00,2.448200999999999017e-01
-2.741800000000000075e-04,3.538852949999999886e+00,2.545238000000000222e-01,8.094310000000000394e-02,-5.401369999999999783e-02,-1.145720499999999920e+00,-5.073786000000000129e-01,-2.579331000000000262e-01
3.590501549999999931e+00,3.472530850000000058e+00,3.219247000000000081e-01,9.257790000000000463e-02,2.017616999999999883e-01,-5.078316000000000496e-01,-1.429439000000000126e-01,-1.408814999999999928e-01
5.241629999999999727e-03,3.485608099999999876e+00,-1.176822200000000151e+00,-6.631609999999990568e-02,-1.970052999999999943e-01,-7.040739000000000303e-01,-1.971125999999999989e-01,-4.818915999999999755e-01
-5.233300000000000191e-04,3.423964999999999925e+00,-6.277560999999999281e-01,4.441739999999989863e-02,4.525899999999999923e-01,9.502410999999999497e-01,3.680109999999999770e-01,4.313587999999999867e-01
5.091430000000000088e-03,3.487628700000000137e+00,-4.538417000000000145e-01,-2.158641999999998951e-01,-1.987575999999998955e-01,5.255939999999999918e-02,1.631617999999999957e-01,1.933693999999999968e-01
3.474920990000000209e+00,3.448903549999999818e+00,-1.783966999999999914e-01,-3.455880000000000063e-02,-2.252221000000000084e-01,1.161944899999999947e+00,-1.029872899999999980e+00,3.202795999999999976e-01
5.490779999999999793e-03,3.553283200000000086e+00,1.343130999999999908e-01,-2.024530999999999969e-01,-2.541540000000000118e-02,-7.047415000000000207e-01,-5.380272999999999861e-01,-3.136396000000000184e-01
4.671810000000000199e-03,3.441089400000000076e+00,4.126429999999999820e-01,2.460240999999999956e-01,-7.859468000000000565e-01,-5.331993000000000427e-01,1.432061000000000028e-01,-3.123044999999999849e-01
2.903939999999999820e-03,3.456920400000000004e+00,1.304185399999999939e+00,4.476666000000000256e-01,-7.354974999999999152e-01,-1.442980799999999952e+00,-1.768350999999999951e-01,-2.990245999999999738e-01
-3.808141000000000304e-02,3.509348650000000180e+00,1.280891900000000083e+00,1.369238000000000122e-01,-2.277254999999999974e-01,3.157973000000000030e-01,-8.958816999999998920e-01,-1.933931999999999873e-01
3.544090000000000174e-03,3.507357849999999999e+00,9.794473999999999680e-01,3.432040000000000091e-02,2.640604999999999758e-01,-5.374311999999999978e-01,7.715344000000000646e-01,-1.815199999999999869e-01
5.702969999999999914e-03,3.503966349999999785e+00,2.359151999999999916e-01,4.529949999999990234e-02,1.862167999999999879e-01,1.766679999999999987e-02,5.734204999999999997e-01,-1.166462999999999944e-01
2.897980000000000087e-03,3.449845299999999781e+00,3.814815999999999763e-01,-2.572298000000000084e-01,6.529927000000000925e-01,6.699800000000000200e-01,-2.880692000000000252e-01,3.713965000000000183e-01
6.687639999999999904e-03,3.513473250000000103e+00,-6.079700000000000382e-03,-2.887249999999999886e-02,3.713369999999999865e-02,-7.468103999999999854e-01,-6.239175999999999611e-01,-2.786993999999999860e-01
4.236700000000000361e-03,3.470098950000000126e+00,-6.224393999999999760e-01,-4.197478000000000042e-01,8.070827000000000417e-01,6.142973999999999934e-01,-9.396314999999999529e-01,5.717396999999999618e-01
3.311629999999999869e-03,3.473556050000000006e+00,1.554489000000000010e-01,-2.219915000000000083e-01,-1.729011999999998939e-01,3.511906000000000194e-01,1.922846000000000000e-01,2.889036999999999855e-01
4.235509999999999622e-03,3.492212299999999825e+00,-6.424903999999999060e-01,-3.883003999999999900e-01,6.927012999999999643e-01,1.246511900000000006e+00,5.920290999999999748e-01,3.539323999999999804e-01
8.583100000000000408e-04,3.487080350000000273e+00,2.816199999999999815e-01,2.438903000000000043e-01,-7.451891999999999960e-01,-1.161158099999999971e+00,2.109527999999999959e-01,-4.714250999999999858e-01
-6.187000000000000225e-04,3.482794750000000050e+00,-1.875160000000000021e-02,2.897858999999999852e-01,6.575580000000000314e-02,-1.304686100000000071e+00,1.611709999999999879e-02,-4.803299999999999792e-01
3.458259999999999893e-03,3.456121700000000185e+00,-1.219748999999999972e-01,-9.379389999999999949e-02,4.497050999999999132e-01,-4.928946000000000160e-01,2.934813000000000005e-01,-4.164338000000000206e-01
4.038810000000000316e-03,3.503829249999999895e+00,-1.810789999999999969e-02,1.952649999999999872e-02,2.634883000000000086e-01,-1.783370000000000094e-02,1.657581299999999924e+00,-2.904177000000000008e-01
4.052999999999999989e-05,3.399026399999999892e+00,-3.650784000000000251e-01,-5.917549999999999893e-02,5.338906999999999403e-01,7.312655000000000127e-01,-9.057760000000000256e-01,1.558422999999999892e-01
5.179640000000000112e-03,3.477919099999999819e+00,6.541009999999999880e-02,-5.167719999999999952e-02,-6.725789999999999547e-02,1.337802399999999947e+00,2.920031999999999073e-01,6.635666000000000064e-01
3.684760000000000032e-03,3.520190700000000117e+00,7.284760000000000124e-01,1.396536999999999917e-01,-1.213430999999999954e-01,-3.900886000000000076e-01,-1.098692400000000013e+00,8.909699999999999565e-02
2.897980000000000087e-03,3.493279199999999918e+00,-3.982782000000000266e-01,-3.269791999999999144e-01,9.449720000000000342e-02,-1.108968299999999907e+00,-5.102160000000000029e-02,3.931520000000000153e-02
4.932879999999999730e-03,3.469920150000000092e+00,1.124477399999999960e+00,3.048300999999999927e-01,-1.513278500000000193e+00,-1.903652999999999873e-01,5.210757000000000305e-01,-9.846689999999999610e-02
-2.180339999999999796e-03,3.480893350000000108e+00,-2.260803999999999869e-01,9.752510000000000345e-02,6.764531000000000294e-01,-9.135723000000000038e-01,-8.811235000000000595e-01,-1.641153999999999946e-01
1.444820000000000089e-03,3.495717050000000103e+00,4.019140999999998853e-01,1.825929000000000024e-01,-4.413604999999999889e-01,5.955099999999999838e-01,-3.987550999999999735e-01,3.690599999999999992e-01
4.205699999999999716e-03,3.435987250000000159e+00,1.080155000000000004e-01,-5.176069999999990262e-02,1.693368000000000095e-01,3.221040000000000014e-02,1.703501000000000043e-01,-2.285718999999999945e-01
1.912120000000000009e-03,3.581589450000000063e+00,3.905299999999999744e-02,-1.762270999999999976e-01,-8.275746999999999964e-01,-8.517500000000000071e-02,-4.547119000000000022e-01,7.413630000000000220e-02
1.455784000000000071e-02,3.448110799999999809e+00,2.742766999999999844e-01,-2.402424999999999977e-01,3.849149000000000043e-01,2.441049000000000135e-01,-1.666390899999999897e+00,3.100630000000000053e-02
3.215069999999999994e-03,3.476357450000000071e+00,-7.301807000000000158e-01,-3.948807999999999763e-01,3.141998999999999764e-01,-6.018757999999999608e-01,-1.041495800000000083e+00,1.758339999999999903e-02
1.072899999999999977e-04,3.534299149999999834e+00,-1.941084999999999894e-01,-6.760359999999999980e-02,-7.120369999999999477e-02,-3.015876000000000112e-01,3.595351999999999992e-01,-3.341675000000000062e-01
3.265140000000000143e-03,3.486305499999999835e+00,-2.390265000000000029e-01,-5.640980000000000300e-02,3.254399999999899994e-03,4.771828999999999099e-01,4.491209999999999924e-01,1.974820999999999938e-01
1.198550460000000095e+00,3.479015850000000132e+00,-1.794099999999999862e-01,1.764773999999998955e-01,-6.934400000000000286e-02,-7.968783000000000394e-01,1.168966299999999903e+00,-2.034545000000000103e-01
-2.716779999999999803e-03,3.453141450000000390e+00,5.506516000000000188e-01,5.403759999999999813e-02,3.604890000000000178e-02,-3.265139999999999709e-02,2.862220000000000042e-02,9.810899999999999135e-03
3.042219999999999994e-03,3.438341600000000220e+00,7.508636000000000754e-01,5.467891999999999753e-01,-1.123046900000000070e+00,-1.095855199999999918e+00,1.122736900000000038e+00,-2.401351999999999931e-01
3.077980000000000126e-03,3.498315799999999864e+00,3.614782999999999746e-01,-1.677990000000000037e-01,7.031321999999999850e-01,9.044527999999999457e-01,-7.129787999999999126e-01,2.000213000000000130e-01
3.626350159999999878e+00,3.554290550000000160e+00,6.006960000000000077e-02,-9.543899999999999606e-02,1.001834899999999973e+00,1.623463600000000007e+00,-5.119205000000000005e-01,5.527138999999999802e-01
4.843469999999999893e-03,3.446364400000000217e+00,-3.612518000000000118e-01,-6.724600000000000022e-02,-3.864645999999999915e-01,2.384197700000000086e+00,5.635023000000000115e-01,9.921311999999999909e-01
1.440050000000000011e-03,3.527981050000000174e+00,-1.073324699999999909e+00,-4.160762000000000072e-01,4.067897999999999792e-01,-5.292899999999999688e-03,-1.021862000000000048e+00,3.152965999999999824e-01
2.171989999999999945e-03,3.491729499999999931e+00,-5.057335000000000580e-01,-1.744389999999998997e-01,5.279899000000000120e-01,-4.000902000000000069e-01,-1.102900500000000061e+00,-1.981378000000000028e-01
3.588142400000000176e+00,3.465139850000000354e+00,-2.935289999999999844e-01,-5.490779999999999966e-02,3.156900000000000261e-01,-1.112699500000000175e+00,6.544113000000000291e-01,2.588029999999999844e-02
8.702000000000000371e-05,3.505814099999999822e+00,-7.027390000000000025e-02,4.745719999999999800e-02,2.271890999999998939e-01,-9.104729000000000294e-01,-3.287911000000000028e-01,-4.983543999999999752e-01
3.056530000000000011e-03,3.435337549999999851e+00,2.161383999999998973e-01,7.752180000000000182e-02,-1.546740999999998978e-01,2.209663000000000044e-01,9.647607999999999739e-01,4.727839999999999820e-02
3.159050000000000052e-03,3.461796049999999791e+00,-3.751278000000000112e-01,-1.065373000000000014e-01,-3.599404999999999966e-01,1.110315000000000052e-01,2.009152999999999911e-01,-8.894209999999999616e-02
3.596695659999999961e+00,3.491407650000000196e+00,1.232981999999999967e-01,1.551031999999999966e-01,1.997828000000000104e-01,7.073760000000000048e-01,-1.637939999999999882e-02,4.630089999999999900e-02
4.070999999999999966e-03,3.500187400000000171e+00,-1.556516000000000011e-01,9.094480000000000619e-02,2.353191000000000033e-01,1.793860999999999928e-01,-7.187246999999998831e-01,-5.647539999999999782e-01
3.750320000000000129e-03,3.455609100000000211e+00,6.749629999999999519e-02,-2.616644000000000192e-01,6.651998000000001188e-01,7.564663999999999833e-01,-7.977127999999999997e-01,6.043673000000000517e-01
-1.990799999999999981e-04,3.449660549999999937e+00,2.415776000000000034e-01,-8.851289999999989444e-02,2.241099999999900030e-03,1.328229999999999966e-01,4.696369000000000238e-01,-5.883812999999999960e-01
3.578455449999999871e+00,3.487622749999999883e+00,-7.817749999999999699e-02,-1.007437999999999945e-01,1.413940999999999948e-01,-9.025339999999999752e-02,-4.148480000000000223e-02,7.480380000000000362e-02
2.146959999999999841e-03,3.496712450000000416e+00,-1.174449999999999938e-01,1.651405999999999985e-01,-5.097865999999999786e-01,2.903104000000000240e-01,4.398823000000000039e-01,6.744859999999999745e-02
1.782179999999999962e-03,3.504210699999999790e+00,1.166104999999998948e-01,3.435015999999999070e-01,-3.256679000000000102e-01,8.414745000000000141e-01,4.042744999999999811e-01,3.825067999999999802e-01
3.571509999999999962e-03,3.445088849999999869e+00,-5.354046999999999557e-01,2.035259999999999014e-01,-8.857726999999999684e-01,-4.197120999999999769e-01,1.088392699999999991e+00,-1.366496000000000099e-01
3.590892549999999961e+00,3.501337749999999804e+00,5.137919999999999987e-02,2.944826999999999861e-01,-6.585478999999999639e-01,5.193949999999999956e-02,4.848599000000000103e-01,-8.673669999999999991e-02
1.603360000000000072e-03,3.519356249999999520e+00,-5.645751999999999438e-01,-3.280401000000000011e-01,5.572677000000000325e-01,3.346919999999999895e-01,1.083111800000000180e+00,1.410126999999999908e-01
3.972050000000000407e-03,3.421169499999999530e+00,2.824070000000000052e-02,-2.390149999999999914e-02,-4.037260999999999767e-01,7.420181999999999611e-01,-1.300990599999999997e+00,1.546620999999999968e-01
1.999139999999999945e-03,3.513109699999999780e+00,8.337499999999989364e-02,-1.724005000000000121e-01,3.263950000000000184e-02,-9.646415999999999880e-01,-1.370108100000000162e+00,-2.409934999999998884e-01
3.665618900000000124e+00,3.501301999999999914e+00,-2.600550999999999835e-01,-3.673433999999999866e-01,-3.229379999999999751e-02,-5.702970000000000261e-02,-5.786656999999999496e-01,1.369834000000000052e-01
1.631980000000000106e-03,3.466540600000000083e+00,-2.116322999999999954e-01,2.093319999999999903e-02,-4.011511999999999856e-01,-6.689190999999999887e-01,-5.099057999999999646e-01,-9.405610000000000359e-02
2.605919999999999851e-03,3.445923350000000163e+00,-5.405187999999999660e-01,1.484870999999998997e-01,4.124521999999999911e-01,-4.179477999999999804e-01,-1.119863999999999971e+00,-5.499119999999999703e-02
2.481940000000000188e-03,3.511059300000000327e+00,-1.598596999999999935e-01,-4.191399999999990272e-02,-8.134840000000000126e-02,5.215644999999999865e-01,5.484938999999999787e-01,5.290509999999999657e-02
-1.938339999999999985e-03,3.481322549999999794e+00,-2.200842000000000076e-01,4.183649999999999869e-01,1.020907999999999954e-01,3.831744000000000261e-01,-3.847479999999999789e-01,-3.291369999999999713e-02
2.623799999999999917e-03,3.439474099999999979e+00,-4.082440999999999987e-01,1.603127000000000024e-01,2.699494000000000060e-01,8.661032000000000730e-01,1.086604600000000032e+00,2.086520000000000041e-01
6.890299999999999810e-04,3.473740799999999851e+00,1.274823999999999957e-01,3.982779999999999654e-02,2.197029999999990102e-02,4.155517000000000238e-01,-5.486487999999999365e-01,6.037711999999999524e-01
3.516669999999999952e-03,3.488522750000000006e+00,5.485773000000000454e-01,-4.991650999999999727e-01,2.950429999999999997e-01,9.438752999999999727e-01,-1.997685399999999944e+00,6.999730999999999037e-01
7.137059999999999758e-03,3.456634300000000160e+00,5.186796000000000184e-01,-1.654863000000000028e-01,3.680109999999999770e-01,8.630799999999999236e-03,-3.392815999999999055e-01,2.007604000000000055e-01
-5.710100000000000505e-04,3.494524950000000185e+00,-3.931520000000000153e-02,-3.044486000000000137e-01,-6.155970000000000192e-02,-3.157849999999989832e-02,3.776072999999999791e-01,6.216760000000000341e-02
1.027579999999999943e-03,3.499710550000000087e+00,-1.836538000000000059e-01,-2.821444999999999093e-01,-9.160039999999999849e-02,1.202464000000000033e-01,3.851175000000000015e-01,2.542729999999999990e-02
4.343989999999999831e-03,3.455948850000000405e+00,-1.136386399999999908e+00,4.674199999999999883e-02,-7.986999999999999525e-04,-9.407043000000000488e-01,1.106917900000000010e+00,-3.991126999999999869e-01
1.351830000000000045e-03,3.436923049999999868e+00,-3.950714999999999089e-01,9.150510000000000588e-02,-5.125402999999999487e-01,1.637339999999999907e-01,1.865744999999998932e-01,-4.089952000000000032e-01
4.637239999999999938e-03,3.478622450000000033e+00,-1.914499999999999882e-02,-1.255630999999998998e-01,1.969339999999999979e-02,2.289891000000000010e-01,1.855611999999998984e-01,1.602768999999999999e-01
2.439020000000000077e-03,3.482073549999999962e+00,-2.577662000000000009e-01,2.020239999999998981e-01,-4.297852999999999812e-01,7.752657000000000576e-01,3.922000000000000139e-03,1.543521999999999950e-01
1.871599999999999902e-04,3.432297699999999896e+00,8.452773000000000092e-01,-4.929299999999999654e-02,-6.005644999999999456e-01,6.173490999999999840e-01,7.832050000000000123e-02,1.552700999999999942e-01
3.619189999999999994e-03,3.493744149999999937e+00,2.011657000000000028e-01,-1.681684999999999985e-01,-1.002788999999998931e-01,1.000380499999999895e+00,-8.625149999999999206e-01,7.294296999999999587e-01
3.218699999999999795e-04,3.497958199999999795e+00,2.734541999999999806e-01,-4.905459999999999682e-02,1.236080999999999985e-01,-7.339719999999999578e-02,-5.055547000000000235e-01,-2.200484000000000051e-01
3.259179999999999976e-03,3.447908149999999949e+00,8.993149999999999755e-02,-2.034899999999999903e-02,-3.862379999999999980e-02,3.895640000000000214e-01,-1.104354999999998949e-01,2.001046999999999965e-01
1.772640000000000023e-03,3.482854350000000210e+00,3.311395999999999784e-01,1.733065000000000022e-01,-2.801298999999999872e-01,-1.940607999999998945e-01,3.321289999999998965e-01,-3.252386999999999917e-01
-9.202999999999999809e-04,3.459846950000000199e+00,1.431583999999999912e-01,1.054405999999999954e-01,-4.724979000000000262e-01,-8.574962999999999891e-01,-4.901648000000000116e-01,-4.570126999999999939e-01
3.386740000000000063e-03,3.484243150000000178e+00,-1.477360999999998981e-01,2.923965000000000036e-01,-1.063704000000000038e-01,7.519719999999989468e-02,1.145565500000000014e+00,-2.304673000000000138e-01
4.519220000000000008e-03,3.420132399999999961e+00,-2.680778999999999801e-01,6.579159999999989461e-02,-4.984855999999999732e-01,1.410865799999999837e+00,8.045434999999999670e-01,3.694176999999999045e-01
-1.501999999999999917e-04,3.447574400000000150e+00,-5.318521999999999972e-01,5.565879999999989725e-02,5.195617999999999626e-01,8.388758000000000603e-01,-1.464009000000000005e-01,4.636525999999999148e-01
-1.967000000000000107e-04,3.492581850000000099e+00,-7.459164000000000350e-01,-2.129911999999999916e-01,2.651571999999999818e-01,7.402182000000000484e-01,-1.839458899999999897e+00,8.798361000000000098e-01
1.489281999999999932e-02,3.473252050000000146e+00,-3.476023999999999781e-01,-1.783251999999999893e-01,2.438783999999999952e-01,-1.173043300000000011e+00,-4.919170999999999960e-01,1.656999999999900089e-03
1.001359999999999967e-03,3.432130799999999926e+00,-3.989099999999999868e-01,-3.674745999999999846e-01,6.995796999999999155e-01,-1.088858000000000048e-01,8.978840000000000432e-02,-2.368690000000000032e-02
3.558400000000000191e-03,3.501427150000000044e+00,4.314779999999999727e-01,-5.638599999999999689e-03,-9.087562999999999613e-01,1.422524000000000011e-01,8.553266999999999953e-01,-7.197860000000000369e-02
2.307889999999999942e-03,3.504550449999999984e+00,-2.676128999999999869e-01,-1.671075999999999950e-01,1.433014999999999983e-01,-5.982518000000000002e-01,5.923509999999999609e-01,-3.520249999999999768e-01
1.509237300000000059e-01,3.409004200000000040e+00,1.780986999999999987e-01,2.406596999999998931e-01,-4.591941999999999968e-01,2.186774999999999136e-01,1.288747800000000110e+00,-5.357385000000000064e-01
4.492999999999999598e-03,3.450340049999999881e+00,8.490090000000000137e-02,1.590013999999999872e-01,-2.000689999999999968e-01,-7.920264999999999667e-01,3.270267999999998954e-01,-3.958343999999999752e-01
-6.806899999999999626e-04,3.527450550000000185e+00,-4.205703999999998999e-01,1.896381000000000039e-01,1.377105999999999886e-01,2.407788999999999902e-01,4.827975999999999934e-01,5.788800000000000195e-02
1.440050000000000011e-03,3.481602650000000132e+00,5.767350000000000254e-02,2.403735999999999928e-01,-7.148027000000000131e-01,1.368022000000000071e+00,1.614212999999999898e-01,4.864572999999999814e-01
3.659926650000000059e+00,3.476726999999999901e+00,4.973411999999999833e-01,2.516508000000000078e-01,3.956317999999999779e-01,9.336351999999999984e-01,-5.663036999999999654e-01,3.514528000000000096e-01
5.030600000000000523e-04,3.492665300000000084e+00,2.697109999999999785e-01,-2.015830000000000052e-02,1.228928999999999994e-01,4.448294999999999888e-01,-2.373460000000000153e-02,-1.193999999999998951e-01
-1.191999999999999938e-05,3.489637350000000193e+00,-7.475609999999989486e-02,-2.661704999999999766e-01,-7.171629999999999672e-02,-4.681349000000000204e-01,-3.446101999999999776e-01,-2.019882000000000066e-01
3.199580000000000046e-03,3.450584400000000329e+00,2.567770000000000122e-02,-1.698255999999999932e-01,-9.381799999999999168e-03,-2.492669999999999955e-02,6.923795000000000366e-01,2.904296000000000100e-01
3.602887389999999801e+00,3.487288949999999943e+00,-3.036261000000000099e-01,-8.566379999999999828e-02,-9.858600000000000349e-03,-1.705777600000000005e+00,6.666660000000000919e-01,-6.363033999999999635e-01
4.593129999999999956e-03,3.473216299999999812e+00,-7.167577999999998895e-01,-5.687480000000000313e-02,-3.161310999999999982e-01,1.269340999999999942e-01,6.877184000000000630e-01,-7.706880000000000674e-02
4.485850000000000427e-03,3.406333899999999915e+00,-3.314256999999999898e-01,-1.090759999999999993e-02,1.752972999999999892e-01,5.426288000000000222e-01,8.298874000000000528e-01,1.623749999999999916e-01
1.806019999999999978e-03,3.470987099999999881e+00,-1.055800899999999931e+00,-1.779795000000000127e-01,-5.723715000000000330e-01,3.405810000000000087e-02,5.487203999999999970e-01,-2.532009999999990102e-02
3.618979449999999876e+00,3.489613550000000064e+00,-1.835465000000000013e-01,3.012179999999999858e-01,-5.098580999999999808e-01,1.025927100000000092e+00,-1.312220100000000000e+00,5.919217999999999424e-01
1.958609999999999952e-03,3.476381299999999896e+00,-4.080295999999999923e-01,-6.443260000000000653e-02,1.627921999999999980e-01,7.180451999999999391e-01,-2.778649000000000258e-01,5.687236999999999432e-01
1.796480000000000039e-03,3.429424750000000355e+00,1.906999999999000098e-04,-2.631306999999999952e-01,4.451394000000000184e-01,-2.093077000000000132e-01,-6.652236000000000260e-01,1.706838999999999995e-01
9.894400000000000677e-04,3.467017400000000027e+00,1.649057900000000076e+00,1.888275000000000092e-01,-3.720402999999999905e-01,7.814288000000000345e-01,7.594942999999999556e-01,6.210804000000000880e-01
3.625432249999999801e+00,3.448569749999999878e+00,-1.323581000000000063e-01,-9.995699999999989316e-02,-3.098369000000000262e-01,-5.042314999999999436e-01,4.485249999999998960e-01,-2.373098999999999903e-01
4.260540000000000160e-03,3.440451600000000276e+00,6.119846999999999371e-01,1.652597999999999012e-01,-2.573251999999999762e-01,-3.417373000000000216e-01,4.233598999999999002e-01,-1.961469999999999880e-01
3.509519999999999914e-03,3.433358650000000178e+00,1.836538000000000059e-01,1.894712000000000063e-01,-7.596970000000000667e-01,-1.118850700000000087e+00,-4.015564999999999829e-01,-4.733442999999998846e-01
2.940889999999999824e-03,3.504264350000000139e+00,1.127719999999999972e-01,8.591409999999999325e-02,-4.352093000000000211e-01,-3.642081999999999820e-01,6.408690999999999693e-01,5.550379999999999897e-02
3.613780740000000158e+00,3.499704599999999832e+00,-5.753279000000000032e-01,-2.034067999999999987e-01,1.788000000000000093e-04,7.125853999999999244e-01,1.920103999999999977e-01,-8.944269999999999998e-02
1.932380000000000035e-03,3.467327350000000141e+00,-1.390695999999999877e-01,3.541707999999998968e-01,-2.310513999999999901e-01,2.319813000000000014e-01,-8.200644999999999740e-01,-3.850500000000000190e-03
2.403259999999999945e-03,3.489631399999999939e+00,-6.242393999999999998e-01,-9.071799999999999656e-03,2.900124000000000035e-01,5.443215000000000137e-01,1.216053999999999052e-01,4.416703999999999075e-01
1.842979999999999922e-03,3.447061800000000176e+00,5.641699000000000019e-01,1.639127999999999974e-01,5.118849999999999789e-02,-4.583477999999999164e-01,-4.817247000000000057e-01,-2.616285999999999889e-01
3.555341959999999801e+00,3.426384950000000096e+00,2.173189999999999844e-02,1.374363999999999864e-01,-3.337899999999999982e-03,-7.234454000000000162e-01,-2.474784999999999902e-01,-2.298474000000000073e-01
4.439349999999999893e-03,3.432679199999999931e+00,9.341597999999999846e-01,5.681510000000000032e-02,-5.977154000000000078e-01,6.164193000000000033e-01,8.612393999999999883e-01,6.077289999999999776e-02
3.120899999999999803e-03,3.479129100000000197e+00,2.005935000000000079e-01,7.097720000000000418e-02,-5.394459000000000337e-01,-6.963133999999999713e-01,1.353287700000000093e+00,-3.505111000000000199e-01
-9.989700000000000663e-04,3.473943450000000155e+00,1.540660999999999003e-01,2.121448999999999974e-01,-2.215862000000000109e-01,-1.813530999999999893e-01,1.324414999999999898e-01,-2.972960000000000047e-01
-4.717231000000000202e-02,3.452467900000000256e+00,-2.966285000000000172e-01,7.202630000000000143e-02,-2.154589000000000087e-01,9.166121000000000407e-01,5.803823000000000176e-01,2.476095999999999020e-01
1.093149999999999981e-03,3.473591799999999896e+00,1.746773999999998994e-01,1.189231999999998957e-01,1.482247999999999899e-01,-4.827975999999999934e-01,-1.648544999999999872e-01,-8.107419999999999904e-02
5.836489999999999734e-03,3.480172150000000020e+00,-3.528953000000000229e-01,-1.751180000000000098e-02,-5.873083999999999527e-01,9.833096999999999532e-01,-1.864778999999999964e+00,3.760456999999999828e-01
1.729730000000000070e-03,3.406083600000000100e+00,3.713011999999999979e-01,-2.008679999999999841e-02,4.336833999999999967e-01,3.233074999999999144e-01,-1.274144600000000072e+00,-4.352330000000000088e-02
-1.473429999999999965e-03,3.469854600000000122e+00,7.989409999999999568e-02,3.087519999999999848e-02,-1.883983999999999936e-01,-2.968668999999999891e-01,3.443479999999999874e-01,-5.933049999999989721e-02
4.265309999999999588e-03,3.466969750000000072e+00,4.380821999999999772e-01,-3.770590000000000053e-02,-4.184604000000000101e-01,-6.278633999999999604e-01,5.949020000000000419e-01,-3.593326000000000020e-01
3.973250000000000219e-03,3.414136150000000036e+00,6.761551000000000089e-01,1.930118000000000111e-01,-9.148836000000000190e-01,-6.675482000000000360e-01,-1.141142799999999902e+00,-3.973249999999999699e-02
-1.362560000000000073e-03,3.422760949999999802e+00,-3.177880999999999068e-01,-2.434849999999998960e-01,6.456380000000000452e-02,-1.072502099999999903e+00,-1.988768999999999953e-01,-4.342197999999999891e-01
1.058579999999999938e-03,3.498971449999999983e+00,-7.505894000000000732e-01,2.430081000000000047e-01,-3.835559000000000052e-01,-1.848698000000000008e-01,-2.169966999999999868e-01,-6.312130000000000518e-02
-3.920790000000000386e-03,3.483277550000000389e+00,-6.319523000000000224e-01,1.464843999999999868e-01,1.038309999999999927e-02,3.973007000000000066e-01,7.373452000000000339e-01,-1.394749000000000128e-01
-3.513099999999999903e-03,3.486990950000000034e+00,-3.846526000000000112e-01,-3.294939999999999675e-02,2.374648999999998955e-01,1.665008100000000102e+00,1.514744799999999891e+00,6.080984999999999863e-01
4.214049999999999567e-03,3.432315599999999911e+00,3.584861999999999771e-01,-3.268719999999999959e-02,6.046176000000000883e-01,4.181384999999999130e-01,-8.299111999999999600e-01,4.948379999999989731e-02
-2.387760000000000056e-03,3.485322000000000031e+00,-3.645419999999999910e-02,-8.189699999999999411e-03,8.615254999999999441e-01,2.411365999999998955e-01,6.903410000000000102e-02,-1.399519999999999931e-02
5.211829999999999762e-03,3.437089900000000142e+00,4.184841999999999729e-01,-1.273393999999999915e-01,-1.316786000000000068e-01,-9.677886999999999462e-01,-3.635405999999999915e-01,-6.931423999999999364e-01
4.850629999999999872e-03,3.442239750000000154e+00,3.661394000000000037e-01,7.828469999999999873e-02,-9.515643000000000296e-01,-2.862452999999999803e-01,4.475713000000000052e-01,1.449823000000000084e-01
-4.740949999999999852e-03,3.484564999999999912e+00,6.550549999999999429e-02,-1.819491000000000025e-01,1.993059999999998999e-01,-5.845308000000000170e-01,-6.253003999999999785e-01,2.422809999999999964e-01
5.543229999999999685e-03,3.489255899999999855e+00,2.486466999999999983e-01,-4.799370000000000025e-02,-2.901554000000000078e-01,-7.581699999999899631e-03,9.341240000000000654e-02,-6.119009999999999727e-02
1.448389999999999921e-03,3.476846200000000220e+00,-4.655119999999989683e-02,8.085969999999989555e-02,-2.614140999999999826e-01,-1.330376000000000059e-01,-9.363889999999999714e-02,3.250717999999999108e-01
1.525880000000000075e-03,3.462225199999999781e+00,6.875989999999999880e-02,-1.310706000000000093e-01,-1.680136000000000129e-01,-5.902410000000000156e-01,4.027605000000000213e-01,-1.661180999999999908e-01
4.076960000000000132e-03,3.474932900000000213e+00,-5.819917000000000007e-01,-9.299520000000000008e-02,8.130192999999998893e-01,1.200914000000000009e-01,-1.311993600000000093e+00,1.490115999999999941e-01
3.970859999999999668e-03,3.519034399999999785e+00,-5.807280999999999693e-01,-1.331449000000000105e-01,-2.275347999999998982e-01,-1.319468000000000085e+00,-1.678192600000000034e+00,-2.191900999999999988e-01
3.875490000000000098e-03,3.425931950000000281e+00,-3.378391000000000033e-01,-3.171563000000000021e-01,5.957841999999999860e-01,2.116799000000000042e-01,1.124918500000000154e+00,-8.633139999999990544e-02
4.947189999999999747e-03,3.404808050000000197e+00,-1.967787999999998927e-01,2.485036999999999940e-01,-1.878141999999999867e-01,5.137920000000000265e-01,1.497149000000000119e-01,-6.684060000000000001e-02
-6.187000000000000225e-04,3.461199999999999832e+00,-6.030800000000000050e-02,1.585245000000000126e-01,-7.334949999999999803e-02,-5.292899999999999688e-03,6.161930000000000185e-02,-3.232597999999999860e-01
-1.051429999999999899e-03,3.474527600000000049e+00,1.455724199999999913e+00,4.236816999999998834e-01,-1.487803500000000057e+00,-7.710098999999999148e-01,6.496071999999999402e-01,-4.327416000000000040e-01
-8.537292000000000491e-02,3.472936150000000222e+00,5.895614999999999606e-01,2.640604999999999758e-01,3.995537999999999035e-01,2.193449999999999914e-02,1.445413000000000114e-01,-1.321792999999999996e-01
-1.717809999999999953e-03,3.531253350000000069e+00,3.765224999999999822e-01,-1.918079999999990071e-02,1.463174999999999892e-01,-3.148556000000000132e-01,4.395604000000000178e-01,-1.309751999999999028e-01
3.359319999999999841e-03,3.433686499999999864e+00,-2.795099999999999807e-01,2.550363999999999964e-01,-9.137750000000000039e-01,1.236426800000000048e+00,5.865574000000000066e-01,2.533912999999999860e-01
2.888439999999999931e-03,3.433406350000000273e+00,-8.065700000000000647e-02,3.049369999999999858e-02,-1.232004199999999994e+00,1.420426399999999978e+00,-1.336729499999999904e+00,4.189491000000000187e-01
3.585458989999999790e+00,3.440684099999999912e+00,-6.873964999999999659e-01,-5.843639999999999946e-02,-8.637071000000000609e-01,2.906560999999999728e-01,-9.917974000000000512e-01,5.408644999999999703e-01
4.703999999999999848e-03,3.423690800000000145e+00,2.962350999999999734e-01,-1.589059999999999917e-01,-8.176208000000000364e-01,-1.315891700000000109e+00,9.894399999999999376e-03,-7.326006999999999936e-01
2.896790000000000215e-03,3.440797349999999977e+00,-4.887999999999999550e-04,-1.887797999999999976e-01,6.562233000000000649e-01,-2.684950999999999866e-01,2.385735999999999968e-01,-9.293559999999999321e-02
-1.292229999999999898e-03,3.474736200000000164e+00,6.090164000000000133e-01,2.192139999999999922e-01,-1.084923999999999056e-01,-4.923939999999999984e-01,2.789139999999999953e-01,1.078366999999999937e-01
3.671946530000000042e+00,3.478288650000000093e+00,2.777599999999999861e-03,1.897930999999999924e-01,1.308322000000000096e-01,5.079509999999989867e-02,1.008880100000000057e+00,-1.491426999999999892e-01
5.002020000000000251e-03,3.445196150000000124e+00,1.681327999999999989e-01,-4.065000000000000037e-03,2.398849000000000120e-01,-7.759212999999999250e-01,5.726814000000000071e-01,-6.093382999999999994e-01
-3.825429999999999889e-03,3.492766600000000388e+00,2.153634999999999022e-01,1.422524000000000011e-01,1.498818000000000095e-01,3.063797999999999799e-01,1.619696999999999942e-01,-5.216599999999999709e-02
4.415510000000000095e-03,3.466075650000000063e+00,-4.801988999999999841e-01,-2.259016000000000080e-01,5.102754000000000456e-01,-5.548000000000000154e-02,-6.680846000000000284e-01,1.829504999999999881e-01
3.659316299999999966e+00,3.484284900000000018e+00,-1.823663999999999008e-01,6.201269999999999699e-02,-1.360177999999999943e-01,-3.658530000000000115e-02,-1.691400999999999932e+00,5.733966999999999814e-01
3.315209999999999858e-03,3.457486649999999884e+00,1.024960999999998956e-01,-6.862880000000000369e-02,-1.450657999999999948e-01,5.490302999999999711e-01,-1.933569999999990019e-02,2.722978999999999816e-01
4.683729999999999664e-03,3.444594149999999910e+00,1.009702999999999989e-01,1.181360000000000049e-02,-5.642890999999999879e-01,6.793739999999999502e-02,1.786949999999999997e-02,-4.499315999999999871e-01
7.140599999999999769e-04,3.506404149999999831e+00,6.009697999999999984e-01,4.624129999999999907e-02,-3.165125999999999773e-01,8.536458000000000101e-01,8.385420000000000096e-01,7.498384000000000160e-01
3.625593190000000021e+00,3.488492949999999926e+00,2.179383999999998933e-01,-2.858639999999990078e-02,4.051208000000000031e-01,-2.032256100000000121e+00,1.147627999999999981e-01,-5.070329000000000086e-01
3.075599999999999948e-03,3.431677800000000111e+00,4.798411999999999122e-01,2.886771999999999117e-01,-5.198597999999999830e-01,-1.392400299999999813e+00,-2.210020999999998959e-01,-3.591775999999999858e-01
1.821520000000000084e-03,3.469288349999999799e+00,2.635121000000000269e-01,1.114606999999999959e-01,-4.915475999999999734e-01,-2.966522999999999799e-01,1.234173999999999966e-01,-4.451270000000000227e-02
-3.862399999999999883e-04,3.477293249999999780e+00,-1.639365999999999879e-01,1.299261999999999917e-01,-3.844500000000000139e-01,6.378530999999999507e-01,-1.525044000000000122e-01,4.872322000000000042e-01
3.665212390000000209e+00,3.421247000000000149e+00,-2.986550000000000038e-01,7.741449999999999720e-02,-1.654620000000000049e-02,-1.917004999999999959e-01,5.115986000000000145e-01,-5.216599999999999709e-02
2.375840000000000157e-03,3.419262149999999778e+00,-1.368165000000000076e-01,3.018259999999999832e-01,1.077532999999999963e-01,-6.005882999999999639e-01,7.424355000000000260e-01,-4.890441999999999845e-01
3.359319999999999841e-03,3.481310600000000033e+00,2.959727999999999803e-01,1.158594999999998931e-01,-6.218552999999999997e-01,-2.133130999999998945e-01,1.142334899999999820e+00,-1.667379999999999973e-01
3.622769999999999983e-03,3.496444250000000142e+00,3.600239999999998997e-01,9.858600000000000349e-03,-2.184032999999999947e-01,-9.291291000000000411e-01,2.136706999999999912e-01,-1.963735000000000064e-01
8.237399999999999974e-04,3.477352849999999940e+00,-9.827017999999999587e-01,-1.405479999999999924e-02,-4.802107999999999932e-01,5.437613000000000030e-01,-1.662433100000000108e+00,3.495455000000000090e-01
3.860000000000000150e-03,3.507941950000000197e+00,-1.047205900000000023e+00,1.772881000000000040e-01,5.133867000000000846e-01,6.671667000000001124e-01,1.313689999999999997e-02,-1.068115000000000037e-01
-3.294940000000000108e-03,3.535884600000000155e+00,-5.651593000000000311e-01,4.255533000000000232e-01,3.504037999999999875e-01,-4.705547999999998843e-01,5.805611999999999995e-01,-4.327416000000000040e-01
3.688340000000000021e-03,3.507548550000000098e+00,-1.255392999999999926e-01,-2.017856000000000094e-01,3.263711999999999724e-01,3.947139000000000064e-01,-3.128170999999999036e-01,-3.705019999999999841e-02
5.061630000000000122e-03,3.482627850000000080e+00,-9.407999999999999696e-02,4.067420999999999953e-01,8.095499999999999918e-02,-3.993153999999999870e-01,2.484082999999999986e-01,-2.245784000000000113e-01
3.711066250000000011e+00,3.496092550000000188e+00,1.475334000000000090e-01,-1.331687000000000010e-01,-3.349542999999999826e-01,-6.097078000000000220e-01,-1.452004899999999932e+00,1.512051000000000089e-01
4.400010000000000206e-03,3.453958049999999780e+00,6.010294000000000469e-01,4.523276999999999992e-01,-9.676576000000000066e-01,7.595777999999999697e-01,1.667499499999999912e+00,-1.222729999999998957e-01
-3.904100000000000192e-03,3.452217599999999997e+00,3.752589000000000063e-01,-3.336786999999999948e-01,-1.121521000000000046e-01,9.586333999999999689e-01,-1.459478999999999915e-01,2.614855999999999847e-01
5.365609999999999824e-03,3.525960450000000357e+00,3.208636999999999739e-01,7.432700000000000418e-02,-3.525496000000000185e-01,2.471328000000000136e-01,5.823730999999999769e-01,5.669235999999999720e-01
-8.397222000000000020e-02,3.514623649999999877e+00,-1.786828000000000027e-01,-1.960038999999998977e-01,1.518730000000000080e-02,5.925297999999999954e-01,-8.194450000000000345e-02,-8.116959999999999453e-02
3.817080000000000039e-03,3.479260200000000136e+00,1.904725999999999919e-01,-2.448558999999999874e-01,-1.582384000000000013e-01,-1.243996600000000008e+00,-7.926582999999999268e-01,-7.239579999999999627e-02
4.605050000000000289e-03,3.486615399999999809e+00,-9.407758999999999983e-01,-3.026720000000000105e-02,5.170464999999999645e-01,3.992081000000000102e-01,-3.392699999999999882e-02,-1.437901999999998959e-01
-1.883499999999999975e-04,3.551727549999999844e+00,6.813999999999989510e-02,7.994170000000000442e-02,3.555178999999999978e-01,-1.476288000000000045e-01,5.376299999999999656e-03,1.533029999999989922e-02
2.498629999999999948e-03,3.479558250000000186e+00,4.814859999999999973e-02,5.676749999999999852e-02,3.158927000000000263e-01,1.086962200000000101e+00,1.551377800000000029e+00,6.282300000000000210e-03
3.653908969999999812e+00,3.435981250000000209e+00,-8.466239999999999877e-02,-8.680820000000000203e-02,-1.317738999999999994e-01,1.218223599999999962e+00,5.765795999999999699e-01,-1.806735999999999898e-01
5.791189999999999879e-03,3.518086650000000315e+00,-2.333998999999999935e-01,-2.431393000000000026e-01,5.329369999999999941e-01,5.983109999999999817e-02,-9.711503999999999692e-01,5.465749999999999775e-02
-1.077650000000000092e-03,3.521537800000000384e+00,-4.942417000000000060e-01,-3.738403000000000143e-01,1.297234999999999916e-01,-1.542615899999999929e+00,-1.046419100000000046e+00,-3.590941000000000272e-01
2.677440000000000115e-03,3.487366450000000118e+00,1.475930000000000020e-01,-1.561639999999990015e-02,1.618147000000000058e-01,-7.287259999999999571e-02,-4.254221999999999726e-01,8.351799999999999502e-02
4.907850000000000060e-03,3.440243000000000162e+00,9.455679999999999641e-02,-2.442597999999999991e-01,-1.649617999999999918e-01,-9.933471999999999857e-01,-1.867365799999999965e+00,-2.211212999999999929e-01
-1.163479999999999940e-03,3.430360550000000064e+00,-5.428075999999999457e-01,-1.186370999999999953e-01,-2.207755999999999885e-01,5.452274999999999761e-01,8.983016000000000334e-01,1.978900000000000017e-03
5.102200000000000311e-04,3.457730999999999888e+00,8.657335999999999920e-01,1.497149000000000119e-01,-2.872939999999999869e-02,1.467573599999999923e+00,6.850960000000000383e-02,6.268500999999999657e-01
2.537970000000000070e-03,3.466969750000000072e+00,-8.075595000000000967e-01,-2.115846000000000116e-01,2.450940000000000063e-02,-3.878712999999999744e-01,1.415013999999999994e-01,2.649307000000000190e-01
5.786419999999999585e-03,3.437840950000000007e+00,-2.046226999999999907e-01,-2.995967999999999964e-01,-1.044452200000000053e+00,-3.997564000000000117e-01,2.502203000000000066e-01,-1.336098000000000008e-01
4.181859999999999918e-03,3.462535149999999895e+00,4.746910000000000018e-02,3.264307999999999099e-01,-3.221630999999999800e-01,-8.540630000000000166e-01,-4.377603999999999940e-01,-1.765728000000000020e-01
3.093480000000000014e-03,3.427106150000000184e+00,-3.324985999999999775e-01,-2.816558000000000117e-01,2.749801000000000051e-01,-3.775119999999999032e-01,6.837130000000000152e-01,-4.123449000000000142e-01
2.431870000000000039e-03,3.398531699999999933e+00,5.433797999999999684e-01,-1.126050999999999996e-01,5.746960999999999320e-01,-6.573318999999999690e-01,-3.044723999999999764e-01,-1.771449999999999969e-01
5.110499999999999592e-03,3.464603400000000111e+00,-2.498629999999999948e-02,7.580520000000000314e-02,-2.641082000000000152e-01,-1.928925999999999974e-01,6.499051999999999607e-01,-2.897501000000000104e-01
5.397800000000000341e-03,3.414130199999999782e+00,1.987814999999999999e-01,-1.427769999999999873e-01,3.925799999999999845e-01,-4.774093999999999838e-01,-1.987695999999999907e-01,-3.178476999999998998e-01
1.457930000000000077e-03,3.483396750000000264e+00,3.066182000000000074e-01,9.919400000000000439e-02,2.307414999999999883e-01,-2.590179000000000231e-01,1.387715299999999985e+00,-2.395629999999999982e-01
-1.503229999999999931e-03,3.446239250000000087e+00,5.195378999999999969e-01,-1.031636999999999971e-01,-6.992935999999999597e-01,-2.518058000000000241e-01,7.949470999999999066e-01,-4.517198000000000047e-01
4.667039999999999904e-03,3.514176600000000317e+00,4.526019000000000014e-01,1.391649000000000080e-01,-6.758332000000000228e-01,-3.975510999999999906e-01,-6.292820000000000080e-01,-2.397894999999999888e-01
-2.812624000000000027e-02,3.512370600000000120e+00,5.628347000000000211e-01,4.894613999999999909e-01,-8.189440000000001163e-01,-1.428962000000000010e-01,1.707434999999999925e-01,-2.904057999999999917e-01
4.497769999999999893e-03,3.538084050000000147e+00,-2.468704999999999927e-01,-3.250598999999999017e-01,-5.260709999999999692e-02,-9.411216000000000026e-01,1.001393800000000001e+00,-3.591775999999999858e-01
2.671479999999999948e-03,3.516328350000000214e+00,-2.453088999999999964e-01,1.111984000000000028e-01,-1.638889000000000040e-01,-1.884103000000000028e-01,-3.003001000000000142e-01,1.024008000000000002e-01
3.530482049999999816e+00,3.456932300000000069e+00,-2.986192999999999764e-01,1.632689999999999975e-01,-1.869917000000000107e-01,6.856799000000000088e-01,6.294847000000001191e-01,4.907849999999999713e-02
5.800719999999999661e-03,3.450387699999999835e+00,-1.927613999999999994e-01,-2.913474999999999815e-01,-5.233290000000000164e-02,-2.511620999999999992e-01,4.435896999999999757e-01,-3.460288000000000252e-01
2.964739999999999997e-03,3.382086750000000031e+00,6.263852000000000864e-01,-1.517529999999999921e-02,-2.231479000000000101e-01,-6.412982999999999878e-01,-1.206755999999999940e-01,-2.366066000000000003e-01
3.568992610000000010e+00,3.493058700000000183e+00,5.952716000000000118e-01,2.155185000000000017e-01,-4.623294000000000015e-01,-2.478361000000000036e-01,5.949497000000000257e-01,1.910566999999999960e-01
3.900530000000000143e-03,3.507763150000000163e+00,3.746151999999999815e-01,1.526474999999999915e-01,-1.817345999999999961e-01,9.073972999999999622e-01,4.296300000000000119e-02,5.562066999999999428e-01
1.015660000000000044e-03,3.468722099999999919e+00,-4.732608999999999844e-01,3.372668999999999806e-01,2.305627000000000093e-01,-3.190039999999989828e-02,-2.346157999999999022e-01,-1.561164999999999914e-01
4.082920000000000299e-03,3.370320800000000006e+00,1.173854000000000009e-01,-1.096248999999999973e-01,-2.394914999999999961e-01,-1.247870899999999894e+00,1.522660000000000124e-01,-7.726072999999999968e-01
4.138949999999999747e-03,3.263437750000000026e+00,1.308680000000000121e-01,-1.672744999999999926e-01,4.260658999999999974e-01,1.723886000000000029e-01,1.134049899999999944e+00,-4.199027999999999095e-01
3.578155039999999953e+00,3.297245499999999829e+00,-4.625915999999999917e-01,-2.911089999999999858e-02,-4.129886999999999864e-01,1.619362799999999769e+00,3.874539999999999096e-01,5.924701999999999469e-01
1.827480000000000033e-03,3.244084099999999804e+00,3.402709999999999901e-01,4.312038000000000260e-01,2.743243999999999128e-01,-1.019668599999999925e+00,-2.257156399999999952e+00,2.803444999999999965e-01
3.576300000000000030e-04,3.308385600000000260e+00,6.225943999999999923e-01,-5.323889999999999872e-02,-9.132265999999999995e-01,5.028604999999999325e-01,1.994121100000000091e+00,2.623916000000000026e-01
3.596285579999999982e+00,3.300684700000000138e+00,9.828810000000000324e-02,-1.977204999999999935e-01,-1.118755299999999897e+00,1.071846499999999924e+00,2.202355900000000144e+00,1.277328000000000074e-01
2.870559999999999865e-03,3.273719550000000034e+00,-6.264925000000000077e-01,-2.590775000000000161e-01,3.766893999999998965e-01,-2.888202999999999743e-01,-1.147580100000000103e+00,1.734495000000000064e-01
2.642869999999999855e-03,3.289967799999999887e+00,-6.017680000000000251e-02,-1.227735999999999966e-01,-5.051135999999999404e-01,-1.024532300000000173e+00,-3.255609999999999754e-02,-5.303501999999999938e-01
3.629217150000000114e+00,3.282439699999999849e+00,1.200795000000000057e-01,-6.083249999999999769e-02,-7.029295000000000959e-01,-2.588271999999999795e-01,1.036810900000000091e+00,-3.042220999999999953e-01
-6.651899999999999653e-04,3.228956450000000089e+00,-3.245353999999999739e-01,3.085140000000000104e-02,3.570199000000000011e-01,-4.413247000000000142e-01,-7.447481000000000240e-01,2.937197999999999753e-01
5.204679999999999723e-03,3.260368099999999991e+00,6.450414999999999344e-01,1.519442000000000015e-01,-6.168246000000000562e-01,-3.777861999999999054e-01,-5.363344999999999363e-01,2.764821000000000084e-01
3.641655450000000016e+00,3.270906200000000208e+00,-1.531005000000000005e-01,-2.159833999999999921e-01,6.223678999999999739e-01,4.820585000000000009e-01,-3.171205999999999747e-01,2.305627000000000093e-01
-4.110339999999999654e-03,3.268045199999999983e+00,-8.822679999999999412e-02,-7.070300000000000196e-02,-7.250666999999999529e-01,3.112673999999999164e-01,9.084820999999999591e-01,-9.706019999999990211e-02
-7.271800000000000139e-04,3.309106850000000044e+00,-1.706958000000000086e-01,3.685949999999989929e-02,2.468704999999999927e-01,5.210519000000000123e-01,-2.602695999999999898e-01,5.437140000000000029e-02
3.640221359999999962e+00,3.277707100000000207e+00,7.447362000000000704e-01,1.909374999999998990e-01,3.833174999999999777e-01,-5.970596999999999710e-01,4.354953999999999770e-01,-2.293943999999999983e-01
5.136729999999999942e-03,3.263223149999999961e+00,9.535432000000000352e-01,4.135370000000000018e-02,4.192114000000000118e-01,-1.309037000000000117e-01,1.749861200000000006e+00,-2.708439999999990092e-02
1.699919999999999947e-03,3.271383050000000292e+00,3.399730000000000252e-01,1.089691999999999050e-01,-2.440094999999999903e-01,1.035606900000000108e+00,3.762364000000000264e-01,-2.559661999999999771e-01
3.655425310000000039e+00,3.289520750000000326e+00,-2.877592999999999956e-01,2.003073999999999133e-01,-2.803683000000000147e-01,-3.279566999999999899e-01,-9.441494999999999749e-01,1.426815999999999918e-01
3.976819999999999834e-03,3.349405550000000176e+00,-1.719593999999999012e-01,-6.484990000000000199e-02,-3.788470999999999922e-01,-2.145588399999999840e+00,-7.715229999999999311e-02,-6.306886999999999910e-01
1.890659999999999953e-03,3.325307350000000106e+00,-2.993821999999999872e-01,-1.995205999999999924e-01,-5.337357999999999825e-01,3.757714999999999805e-01,9.857297000000000420e-01,-2.371668999999999028e-01
1.525880000000000075e-03,3.388536000000000215e+00,-1.552100000000000007e-02,-1.523136999999999963e-01,1.477242000000000000e-01,6.069778999999999591e-01,-1.943492900000000079e+00,4.451274999999998983e-01
